{"cameraMode":{"drawMode":0,"name":"Shaded","section":"Shading Mode"},"sceneLighting":true,"audioPlay":false,"sceneViewState":{"m_AlwaysRefresh":false,"showFog":true,"showSkybox":true,"showFlares":true,"showImageEffects":true,"showParticleSystems":true,"showVisualEffectGraphs":true,"m_FxEnabled":true},"in2DMode":false,"pivot":{"x":308.5088195800781,"y":210.28794860839845,"z":-0.018707275390625},"rotation":{"x":-0.0014999931445345283,"y":-0.0029999902471899988,"z":-0.000004500107024796307,"w":0.9999940395355225},"size":222.69288635253907,"orthographic":false}